WORD_ID,VOCAB_WORD
0,http
1,use
2,list
3,email
4,get
5,mail
6,one
7,free
8,time
9,work
10,messag
11,make
12,like
13,would
14,peopl
15,new
16,inform
17,receiv
18,pleas
19,address
20,click
21,busi
22,want
23,us
24,need
25,order
26,remov
27,also
28,go
29,year
30,send
31,money
32,file
33,compani
34,system
35,name
36,wrote
37,report
38,way
39,user
40,look
41,chang
42,site
43,state
44,day
45,know
46,program
47,may
48,see
49,call
50,could
51,group
52,even
53,think
54,includ
55,linux
56,first
57,offer
58,take
59,say
60,servic
61,right
62,world
63,tri
64,help
65,find
66,internet
67,market
68,product
69,mani
70,much
71,home
72,said
73,softwar
74,web
75,problem
76,date
77,line
78,spam
79,start
80,check
81,link
82,number
83,run
84,good
85,thing
86,well
87,subject
88,phone
89,interest
90,govern
91,person
92,provid
93,set
94,today
95,come
96,million
97,give
98,ad
99,best
100,server
101,follow
102,back
103,month
104,form
105,rate
106,everi
107,secur
108,gener
109,price
110,url
111,still
112,comput
113,packag
114,instal
115,avail
116,sent
117,code
118,commun
119,life
120,version
121,read
122,sinc
123,grant
124,maintain
125,thank
126,sponsor
127,network
128,credit
129,two
130,differ
131,without
132,made
133,develop
134,within
135,support
136,week
137,page
138,write
139,save
140,realli
141,case
142,subscript
143,someth
144,irish
145,current
146,un
147,last
148,anyon
149,onlin
150,complet
151,sure
152,seem
153,requir
154,card
155,build
156,custom
157,manag
158,never
159,de
160,ilug
161,better
162,window
163,keep
164,special
165,ca
166,point
167,place
168,search
169,per
170,anoth
171,found
172,access
173,actual
174,result
175,repli
176,contact
177,question
178,part
179,base
180,old
181,listmast
182,futur
183,issu
184,put
185,wish
186,next
187,long
188,let
189,countri
190,live
191,hour
192,must
193,end
194,invest
195,process
196,easi
197,mean
198,unsubscrib
199,lot
200,unit
201,great
202,got
203,guarante
204,technolog
205,show
206,nation
207,account
208,might
209,power
210,data
211,releas
212,legal
213,cost
214,allow
215,sourc
216,success
217,news
218,visit
219,engin
220,possibl
221,trade
222,profession
223,idea
224,increas
225,post
226,pay
227,ask
228,advertis
229,public
230,open
231,error
232,test
233,websit
234,opportun
235,real
236,sell
237,ever
238,less
239,respons
240,insur
241,plan
242,design
243,tell
244,creat
245,word
246,buy
247,howev
248,reason
249,prefer
250,heaven
251,someon
252,effect
253,aug
254,cd
255,color
256,law
257,sale
258,improv
259,applic
260,instead
261,around
262,fact
263,least
264,box
265,ye
266,dollar
267,fix
268,rpm
269,american
270,job
271,copi
272,simpl
273,probabl
274,origin
275,cours
276,believ
277,fax
278,contain
279,move
280,type
281,happen
282,friend
283,though
284,littl
285,els
286,total
287,valu
288,financi
289,welcom
290,share
291,request
292,exampl
293,add
294,return
295,abl
296,client
297,perl
298,format
299,anyth
300,alway
301,simpli
302,alreadi
303,high
304,protect
305,fill
306,full
307,cash
308,feel
309,mailto
310,directori
311,import
312,stop
313,regard
314,bit
315,purchas
316,signatur
317,licens
318,note
319,polici
320,experi
321,intern
322,answer
323,exist
324,updat
325,past
326,learn
327,famili
328,top
329,info
330,sep
331,geek
332,becom
333,ship
334,act
335,age
336,lead
337,instruct
338,drive
339,small
340,second
341,select
342,suppli
343,control
344,databas
345,member
346,thousand
347,low
348,recent
349,incom
350,featur
351,citi
352,etc
353,stuff
354,limit
355,minut
356,appli
357,yet
358,industri
359,sever
360,done
361,turn
362,folder
363,tool
364,continu
365,understand
366,c
367,detail
368,guid
369,e
370,noth
371,everyth
372,step
373,exmh
374,notic
375,oper
376,enough
377,big
378,claim
379,sign
380,care
381,letter
382,caus
383,univers
384,larg
385,key
386,other
387,three
388,hard
389,thinkgeek
390,connect
391,bill
392,record
393,accept
394,thu
395,discuss
396,text
397,play
398,term
399,pgp
400,specif
401,via
402,option
403,offic
404,talk
405,america
406,mayb
407,direct
408,immedi
409,deal
410,download
411,true
412,major
413,seen
414,forc
415,hope
416,subscrib
417,comment
418,center
419,thought
420,kind
421,individu
422,method
423,decid
424,rule
425,lose
426,plu
427,log
428,natur
429,matter
430,risk
431,either
432,rememb
433,yahoo
434,assist
435,content
436,quot
437,rather
438,present
439,mime
440,away
441,wait
442,hand
443,bank
444,r
445,fund
446,kernel
447,local
448,project
449,secret
450,hundr
451,loan
452,level
453,train
454,matthia
455,activ
456,corpor
457,research
458,consid
459,razor
460,area
461,august
462,forward
463,book
464,bodi
465,addit
466,root
467,stori
468,polit
469,machin
470,target
471,standard
472,benefit
473,bad
474,entir
475,war
476,quit
477,suggest
478,document
479,appear
480,copyright
481,posit
482,presid
483,global
484,author
485,bug
486,often
487,expect
488,juli
489,distribut
490,mind
491,human
492,septemb
493,grow
494,ago
495,jul
496,none
497,size
498,hit
499,qualiti
500,trust
501,absolut
502,partner
503,b
504,easili
505,pm
506,island
507,agent
508,love
509,whether
510,join
511,given
512,solut
513,involv
514,collect
515,singl
516,happi
517,amount
518,associ
519,fast
520,charg
521,domain
522,man
523,promot
524,whole
525,dvd
526,sort
527,far
528,earn
529,fork
530,parti
531,later
532,hi
533,feder
534,submit
535,mortgag
536,upon
537,normal
538,enter
539,potenti
540,wed
541,meet
542,wrong
543,refer
544,function
545,nice
546,red
547,load
548,tm
549,wonder
550,transact
551,almost
552,publish
553,john
554,econom
555,social
556,discov
557,reach
558,everyon
559,close
560,pass
561,view
562,fail
563,execut
564,sound
565,depend
566,privat
567,perform
568,profit
569,women
570,attack
571,broadcast
572,x
573,newslett
574,automat
575,relat
576,paid
577,effort
578,contract
579,statement
580,mark
581,delet
582,media
583,begin
584,foreign
585,compil
586,sequenc
587,final
588,miss
589,regist
590,spamassassin
591,bush
592,figur
593,header
594,cell
595,command
596,stock
597,handl
598,display
599,locat
600,similar
601,action
602,tuesday
603,game
604,pick
605,templ
606,digit
607,transfer
608,hat
609,wo
610,disk
611,event
612,produc
613,chri
614,soon
615,known
616,track
617,print
618,articl
619,longer
620,tax
621,properti
622,mention
623,pretti
624,script
625,toner
626,default
627,commiss
628,store
629,dear
630,men
631,debt
632,pc
633,hous
634,microsoft
635,oblig
636,respect
637,imag
638,upgrad
639,sun
640,due
641,organ
642,enenkio
643,bulk
644,administr
645,payment
646,capit
647,weight
648,along
649,freedom
650,daili
651,health
652,n
653,practic
654,bonu
655,net
656,usa
657,propos
658,half
659,billion
660,cartridg
661,offici
662,worth
663,came
664,strategi
665,resourc
666,languag
667,late
668,anyway
669,leav
670,platform
671,exactli
672,assum
673,concern
674,clear
675,remain
676,street
677,devic
678,ok
679,html
680,ignor
681,car
682,lost
683,field
684,la
685,review
686,tire
687,interact
688,tue
689,head
690,hear
691,went
692,respond
693,tablet
694,deliv
695,taken
696,independ
697,configur
698,clean
699,bring
700,perhap
701,compar
702,averag
703,qualifi
704,space
705,fine
706,watch
707,fals
708,press
709,invok
710,recommend
711,school
712,short
713,retail
714,expens
715,fee
716,host
717,enabl
718,memori
719,fall
720,membership
721,huge
722,consult
723,guess
724,usual
725,left
726,extrem
727,xml
728,edit
729,suit
730,choos
731,except
732,advantag
733,warn
734,agre
735,common
736,en
737,port
738,materi
739,region
740,side
741,abil
742,main
743,educ
744,fri
745,announc
746,basic
747,dream
748,le
749,drop
750,although
751,cheer
752,guy
753,item
754,five
755,paper
756,told
757,growth
758,vulner
759,hold
760,spend
761,black
762,readi
763,win
764,model
765,electron
766,replac
767,confidenti
768,face
769,unseen
770,interfac
771,studi
772,mon
773,loss
774,altern
775,reserv
776,kingdom
777,intend
778,accord
779,safe
780,avoid
781,choic
782,j
783,approv
784,p
785,implement
786,histori
787,oz
788,rest
789,id
790,multipl
791,break
792,commerci
793,situat
794,moment
795,extra
796,insid
797,quick
798,investig
799,combin
800,section
801,togeth
802,employ
803,chanc
804,initi
805,purpos
806,coupl
807,pictur
808,msg
809,confirm
810,goe
811,advanc
812,court
813,monday
814,across
815,util
816,unless
817,burn
818,object
819,particular
820,energi
821,express
822,score
823,video
824,male
825,societi
826,et
827,india
828,took
829,indic
830,owner
831,filter
832,sens
833,count
834,agenc
835,correct
836,directli
837,speed
838,four
839,die
840,profil
841,valid
842,variou
843,procedur
844,anywher
845,cut
846,period
847,gpl
848,ventur
849,uniqu
850,especi
851,seek
852,match
853,kevin
854,sex
855,piec
856,consum
857,white
858,certain
859,whatev
860,behalf
861,spammer
862,investor
863,setup
864,knowledg
865,explain
866,adam
867,popul
868,class
869,tip
870,remot
871,oh
872,gain
873,latest
874,unison
875,militari
876,dagga
877,atol
878,ftp
879,block
880,marshal
881,unix
882,gari
883,googl
884,south
885,lawrenc
886,patch
887,tv
888,smoke
889,team
890,establish
891,switch
892,valuabl
893,shop
894,ragga
895,imagin
896,aaaaaaaaaaaaaaaaaaaaaaaaaaaaaaaaaaaaaaaaaaaaaaaaaaaaaaaaaaaaaaaaaaaaaaaaaaaa
897,java
898,integr
899,prevent
900,robert
901,third
902,prepar
903,boot
904,attempt
905,privaci
906,particip
907,will
908,folk
909,tag
910,sorri
911,sometim
912,hardwar
913,heard
914,manual
915,necessari
916,reduc
917,york
918,screen
919,bottl
920,congress
921,saou
922,night
923,sa
924,china
925,certainli
926,fastest
927,depart
928,enjoy
929,cover
930,backup
931,stand
932,suppos
933,obtain
934,mass
935,driver
936,seriou
937,alb
938,goal
939,path
940,regul
941,amaz
942,h
943,capabl
944,lower
945,competit
946,botan
947,promis
948,land
949,speak
950,fulli
951,poor
952,medic
953,introduc
954,scienc
955,extend
956,titl
957,deathtospamdeathtospamdeathtospam
958,lowest
959,traffic
960,apolog
961,defin
962,definit
963,movi
964,describ
965,paul
966,troubl
967,f
968,exchang
969,rang
970,cv
971,neg
972,film
973,easier
974,os
975,sender
976,osdn
977,decis
978,wireless
979,approach
980,technic
981,death
982,earli
983,six
984,murphi
985,predict
986,commit
987,fortun
988,fat
989,written
990,redhat
991,quickli
992,beberg
993,kill
994,worri
995,sold
996,im
997,king
998,telephon
999,seventh
1000,judgment
1001,uk
1002,firm
1003,button
1004,mobil
1005,ham
1006,apt
1007,michael
1008,music
1009,north
1010,premium
1011,desir
1012,father
1013,economi
1014,attach
1015,ensur
1016,opinion
1017,faster
1018,browser
1019,player
1020,librari
1021,argument
1022,bar
1023,appar
1024,archiv
1025,adult
1026,achiev
1027,enterpris
1028,techniqu
1029,separ
1030,travel
1031,demand
1032,threat
1033,cooper
1034,board
1035,deserv
1036,anim
1037,hello
1038,condit
1039,modul
1040,outsid
1041,determin
1042,dave
1043,terrorist
1044,enhanc
1045,estat
1046,attent
1047,david
1048,stay
1049,elimin
1050,wide
1051,repres
1052,wall
1053,monthli
1054,pain
1055,expert
1056,cabl
1057,virtual
1058,drug
1059,children
1060,held
1061,kid
1062,declar
1063,environ
1064,modifi
1065,washington
1066,gnupg
1067,sincer
1068,signific
1069,danger
1070,fun
1071,permiss
1072,confid
1073,l
1074,g
1075,w
1076,relev
1077,cc
1078,iii
1079,sum
1080,canada
1081,cat
1082,diet
1083,programm
1084,rich
1085,air
1086,exclus
1087,equip
1088,forev
1089,popular
1090,proven
1091,bitbitch
1092,excel
1093,bottom
1094,string
1095,justin
1096,usd
1097,paragraph
1098,central
1099,expand
1100,centuri
1101,sexual
1102,skip
1103,friday
1104,factor
1105,near
1106,monitor
1107,relationship
1108,challeng
1109,pattern
1110,san
1111,anybodi
1112,identifi
1113,appreci
1114,director
1115,toward
1116,asset
1117,behind
1118,terror
1119,excit
1120,perfect
1121,exercis
1122,girl
1123,confer
1124,unsolicit
1125,roman
1126,rais
1127,background
1128,whose
1129,rh
1130,discoveri
1131,citizen
1132,progress
1133,among
1134,defens
1135,thread
1136,sampl
1137,difficult
1138,hettinga
1139,west
1140,road
1141,fit
1142,rel
1143,colleg
1144,spain
1145,entri
1146,illeg
1147,lender
1148,intellig
1149,octob
1150,acquir
1151,photo
1152,partit
1153,tie
1154,serv
1155,seri
1156,strong
1157,reader
1158,solv
1159,earth
1160,chief
1161,william
1162,confus
1163,refin
1164,stupid
1165,instant
1166,largest
1167,european
1168,measur
1169,smart
1170,tree
1171,verifi
1172,fair
1173,ms
1174,mode
1175,extract
1176,french
1177,peac
1178,equival
1179,sweet
1180,regular
1181,built
1182,resid
1183,slow
1184,conveni
1185,mac
1186,reliabl
1187,index
1188,laptop
1189,lock
1190,oct
1191,deliveri
1192,procmail
1193,datapow
1194,dead
1195,suse
1196,categori
1197,brian
1198,tradit
1199,inlin
1200,front
1201,tim
1202,graphic
1203,warranti
1204,arial
1205,africa
1206,europ
1207,voic
1208,cach
1209,ident
1210,leader
1211,femal
1212,statu
1213,realiz
1214,evid
1215,ten
1216,useless
1217,capillari
1218,annuiti
1219,emerg
1220,art
1221,verdana
1222,desktop
1223,fire
1224,compat
1225,occur
1226,campaign
1227,gnu
1228,therefor
1229,abus
1230,gift
1231,cultur
1232,young
1233,herba
1234,june
1235,previous
1236,institut
1237,physic
1238,higher
1239,satellit
1240,revenu
1241,concept
1242,thursday
1243,launch
1244,brand
1245,deposit
1246,walk
1247,inde
1248,convers
1249,aid
1250,roll
1251,degre
1252,otherwis
1253,contribut
1254,doubt
1255,underlin
1256,concentr
1257,nigeria
1258,unlimit
1259,weapon
1260,classifi
1261,carri
1262,wife
1263,pacif
1264,compet
1265,honor
1266,forget
1267,arriv
1268,former
1269,indian
1270,repositori
1271,yeah
1272,echo
1273,conflict
1274,fight
1275,listen
1276,powel
1277,affili
1278,token
1279,critic
1280,recipi
1281,discount
1282,storag
1283,surpris
1284,app
1285,extens
1286,unfortun
1287,password
1288,percent
1289,sat
1290,tech
1291,isp
1292,effici
1293,sleep
1294,jabber
1295,water
1296,detect
1297,hot
1298,basi
1299,civil
1300,succeed
1301,hermio
1302,assur
1303,catch
1304,sit
1305,alsa
1306,panel
1307,intro
1308,substanti
1309,kept
1310,printer
1311,v
1312,garrigu
1313,output
1314,charact
1315,tabl
1316,pull
1317,light
1318,attract
1319,scan
1320,descript
1321,worldwid
1322,inc
1323,jm
1324,menu
1325,enemi
1326,proprietari
1327,mine
1328,ip
1329,revers
1330,truth
1331,disabl
1332,god
1333,advic
1334,joe
1335,nobodi
1336,pudg
1337,saw
1338,wednesday
1339,analysi
1340,patent
1341,seven
1342,af
1343,balanc
1344,structur
1345,manufactur
1346,agreement
1347,euro
1348,vendor
1349,gone
1350,vote
1351,cool
1352,morn
1353,specifi
1354,franc
1355,jame
1356,lack
1357,teach
1358,k
1359,alon
1360,room
1361,decad
1362,gold
1363,california
1364,editor
1365,whitelist
1366,boston
1367,wast
1368,awar
1369,obvious
1370,zip
1371,insert
1372,construct
1373,polic
1374,innov
1375,treat
1376,financ
1377,ga
1378,theori
1379,temperatur
1380,career
1381,journal
1382,clue
1383,tom
1384,highli
1385,u
1386,trick
1387,constitut
1388,impress
1389,ultim
1390,encourag
1391,int
1392,afford
1393,spec
1394,greater
1395,incred
1396,middl
1397,input
1398,flag
1399,son
1400,gcc
1401,touch
1402,ab
1403,attorney
1404,ebay
1405,usag
1406,anymor
1407,peni
1408,correspond
1409,brain
1410,cent
1411,blood
1412,mother
1413,trial
1414,wake
1415,mechan
1416,hp
1417,boy
1418,previou
1419,annual
1420,blank
1421,dan
1422,master
1423,summari
1424,greg
1425,larger
1426,jim
1427,hate
1428,democrat
1429,urgent
1430,suffer
1431,stream
1432,el
1433,cbyi
1434,mike
1435,cheap
1436,perman
1437,focu
1438,advis
1439,pound
1440,flow
1441,particularli
1442,style
1443,php
1444,varieti
1445,star
1446,skeptic
1447,underwrit
1448,judg
1449,mostli
1450,smtp
1451,speech
1452,suspect
1453,behavior
1454,delay
1455,vacat
1456,obviou
1457,instanc
1458,mistak
1459,dynam
1460,wealth
1461,bold
1462,percentag
1463,keyboard
1464,comfort
1465,binari
1466,republ
1467,auto
1468,eye
1469,dark
1470,earlier
1471,super
1472,destruct
1473,toni
1474,warm
1475,arm
1476,telecom
1477,aa
1478,ireland
1479,rick
1480,termin
1481,rock
1482,affect
1483,firewal
1484,laserjet
1485,reveal
1486,woman
1487,ban
1488,mailer
1489,channel
1490,tend
1491,rss
1492,steve
1493,heart
1494,consolid
1495,knew
1496,motiv
1497,se
1498,essenti
1499,english
1500,char
1501,recogn
1502,domest
1503,consist
1504,btw
1505,alli
1506,skill
1507,principl
1508,floppi
1509,prospect
1510,vipul
1511,lawyer
1512,beta
1513,wing
1514,estim
1515,core
1516,highlight
1517,prompt
1518,impact
1519,pack
1520,magazin
1521,defend
1522,invit
1523,unlik
1524,somewher
1525,eval
1526,opt
1527,bonus
1528,dell
1529,restor
1530,gnome
1531,lifetim
1532,pipe
1533,eventu
1534,nearli
1535,fl
1536,variabl
1537,convert
1538,planta
1539,revis
1540,march
1541,role
1542,beat
1543,font
1544,ftoc
1545,comprehens
1546,vehicl
1547,sensit
1548,staff
1549,task
1550,clearli
1551,teledynam
1552,dn
1553,modem
1554,map
1555,biggest
1556,python
1557,babi
1558,audio
1559,despit
1560,modern
1561,histor
1562,ground
1563,eat
1564,hair
1565,food
1566,pocket
1567,favor
1568,suck
1569,ii
1570,bind
1571,bf
1572,picasso
1573,complianc
1574,fresh
1575,commentari
1576,strongli
1577,strength
1578,ec
1579,coverag
1580,mlm
1581,dragon
1582,shown
1583,conserv
1584,config
1585,british
1586,peter
1587,minimum
1588,met
1589,senior
1590,netscap
1591,interview
1592,exploit
1593,everybodi
1594,gave
1595,texa
1596,mile
1597,protocol
1598,stabl
1599,ea
1600,equal
1601,employe
1602,doctor
1603,liber
1604,dont
1605,beyond
1606,instantli
1607,mailbox
1608,spot
1609,permit
1610,truli
1611,failur
1612,q
1613,optim
1614,calcul
1615,brought
1616,signal
1617,consider
1618,tape
1619,visa
1620,typic
1621,synchron
1622,tx
1623,reli
1624,exact
1625,worst
1626,hover
1627,led
1628,proper
1629,crash
1630,expir
1631,distanc
1632,geeg
1633,translat
1634,draw
1635,dial
1636,al
1637,showcas
1638,hidden
1639,revok
1640,startup
1641,chines
1642,boss
1643,finish
1644,stylu
1645,neighbor
1646,yesterday
1647,annoy
1648,spent
1649,crimin
1650,broker
1651,favorit
1652,extern
1653,imposs
1654,prove
1655,evil
1656,plant
1657,retriev
1658,sole
1659,acknowledg
1660,bearer
1661,bigger
1662,rare
1663,strang
1664,bb
1665,explor
1666,sir
1667,repair
1668,artist
1669,z
1670,ran
1671,pop
1672,foundat
1673,feet
1674,hotel
1675,poverti
1676,somebodi
1677,autom
1678,guidelin
1679,equiti
1680,edward
1681,rob
1682,beauti
1683,serious
1684,rebuild
1685,hack
1686,safeti
1687,hell
1688,sport
1689,planet
1690,portion
1691,england
1692,properli
1693,scientist
1694,evalu
1695,push
1696,gentl
1697,hire
1698,climat
1699,chicago
1700,sunday
1701,iiu
1702,summer
1703,lie
1704,spread
1705,strip
1706,scheme
1707,prescript
1708,bell
1709,jump
1710,correctli
1711,helvetica
1712,restrict
1713,station
1714,antiqu
1715,minor
1716,primari
1717,headlin
1718,diseas
1719,recruit
1720,epson
1721,currenc
1722,shape
1723,becam
1724,entertain
1725,fundament
1726,para
1727,threaten
1728,vou
1729,radio
1730,lo
1731,student
1732,mount
1733,merchant
1734,damag
1735,herb
1736,architectur
1737,laser
1738,happier
1739,proxi
1740,mainten
1741,resum
1742,craig
1743,husband
1744,protest
1745,recal
1746,spamd
1747,seed
1748,hang
1749,exit
1750,sendmail
1751,disclaim
1752,settlement
1753,doubl
1754,viagra
1755,buyer
1756,stick
1757,muscl
1758,remedi
1759,empti
1760,prioriti
1761,feroc
1762,van
1763,plug
1764,corpu
1765,vast
1766,bc
1767,ticket
1768,ssh
1769,prior
1770,luck
1771,fantasi
1772,ba
1773,wors
1774,green
1775,symbol
1776,laugh
1777,moor
1778,camera
1779,feedback
1780,dozen
1781,reg
1782,somehow
1783,creativ
1784,hall
1785,tel
1786,western
1787,faith
1788,disappear
1789,georg
1790,angl
1791,reject
1792,bother
1793,oil
1794,broken
1795,norton
1796,realiti
1797,kathmandu
1798,batteri
1799,anonym
1800,supplement
1801,child
1802,usb
1803,feed
1804,seminar
1805,hormon
1806,aspect
1807,pour
1808,shot
1809,argu
1810,acceler
1811,allianc
1812,eugen
1813,democraci
1814,doc
1815,substanc
1816,perfectli
1817,entrepreneur
1818,committe
1819,shall
1820,encrypt
1821,ie
1822,parent
1823,convent
1824,appeal
1825,arrang
1826,authent
1827,slightli
1828,serial
1829,observ
1830,shock
1831,à
1832,phrase
1833,blue
1834,sponsorship
1835,funni
1836,legitim
1837,neither
1838,statist
1839,random
1840,park
1841,mozilla
1842,electr
1843,convinc
1844,nort
1845,auction
1846,empir
1847,highest
1848,refund
1849,door
1850,award
1851,appropri
1852,alert
1853,merg
1854,resolv
1855,hey
1856,edg
1857,east
1858,edificio
1859,frame
1860,solari
1861,meant
1862,queri
1863,strictli
1864,barcelona
1865,kelli
1866,smaller
1867,tomorrow
1868,hunt
1869,capac
1870,stabil
1871,postal
1872,ac
1873,pressur
1874,damn
1875,fear
1876,lesson
1877,survey
1878,volum
1879,carrier
1880,aphrodisia
1881,bear
1882,union
1883,surviv
1884,daniel
1885,repeat
1886,bought
1887,farquhar
1888,trip
1889,alter
1890,banner
1891,januari
1892,arrest
1893,weekend
1894,mr
1895,amend
1896,herbal
1897,fairli
1898,owen
1899,declin
1900,mason
1901,twice
1902,odd
1903,aggress
1904,pablo
1905,strike
1906,nt
1907,te
1908,virus
1909,licenc
1910,compon
1911,cold
1912,cancel
1913,testimoni
1914,complain
1915,harm
1916,gmt
1917,prosaka
1918,duplic
1919,exclud
1920,race
1921,promiscu
1922,violat
1923,ah
1924,appl
1925,inbox
1926,bound
1927,zero
1928,welch
1929,easiest
1930,winner
1931,spray
1932,bandwidth
1933,presum
1934,round
1935,farm
1936,scam
1937,ratio
1938,reduct
1939,audienc
1940,genet
1941,deni
1942,mirror
1943,pill
1944,algorithm
1945,mous
1946,nativ
1947,hmm
1948,debian
1949,honest
1950,bunch
1951,mh
1952,md
1953,vari
1954,blog
1955,viru
1956,formula
1957,gibbon
1958,vjestika
1959,club
1960,precis
1961,martin
1962,approxim
1963,compens
1964,reboot
1965,label
1966,analyst
1967,bankruptci
1968,elsewher
1969,gay
1970,partnership
1971,tab
1972,â
1973,split
1974,iraq
1975,renew
1976,brief
1977,sea
1978,possess
1979,austin
1980,dramat
1981,buffer
1982,reward
1983,roger
1984,porn
1985,deploy
1986,envelop
1987,lift
1988,grand
1989,massiv
1990,processor
1991,saturday
1992,margin
1993,weekli
1994,msgid
1995,gordon
1996,invent
1997,plugin
1998,ibm
1999,sm
2000,that
2001,inconveni
2002,rohit
2003,environment
2004,nvidia
2005,religion
2006,cancer
2007,inspir
2008,prohibit
2009,fuck
2010,engag
2011,anytim
2012,aol
2013,flash
2014,complex
2015,registr
2016,ps
2017,dig
2018,infrastructur
2019,agreeabl
2020,collabor
2021,retir
2022,apart
2023,adopt
2024,millionair
2025,writer
2026,conduct
2027,satisfi
2028,yellow
2029,african
2030,shell
2031,length
2032,thoma
2033,solicit
2034,northern
2035,justic
2036,ae
2037,cycl
2038,assembl
2039,ministri
2040,schedul
2041,plenti
2042,harley
2043,clock
2044,rose
2045,self
2046,rout
2047,own
2048,acquisit
2049,encount
2050,henc
2051,distro
2052,onto
2053,ffffff
2054,null
2055,mere
2056,farmer
2057,excess
2058,began
2059,candid
2060,img
2061,duncan
2062,swap
2063,experienc
2064,enforc
2065,wholesal
2066,attend
2067,straight
2068,televis
2069,da
2070,prosper
2071,kate
2072,deep
2073,famou
2074,liter
2075,transform
2076,scale
2077,demonstr
2078,pointer
2079,evolv
2080,elect
2081,newspap
2082,russian
2083,conclud
2084,throw
2085,minim
2086,domin
2087,guido
2088,homeown
2089,grab
2090,london
2091,preserv
2092,wave
2093,glad
2094,niall
2095,oppos
2096,lawsuit
2097,toll
2098,unabl
2099,buck
2100,receipt
2101,solid
2102,mix
2103,var
2104,colleagu
2105,murder
2106,context
2107,hors
2108,chat
2109,rank
2110,boost
2111,christian
2112,corrupt
2113,routin
2114,valhalla
2115,resel
2116,proof
2117,assert
2118,russia
2119,co
2120,skin
2121,entiti
2122,crime
2123,religi
2124,loop
2125,attain
2126,remark
2127,blame
2128,tast
2129,habea
2130,abacha
2131,destroy
2132,brent
2133,paypal
2134,mathemat
2135,forest
2136,marshalles
2137,tune
2138,newsgroup
2139,accur
2140,inkjet
2141,webmast
2142,vircio
2143,passphras
2144,moral
2145,numer
2146,glm
2147,asia
2148,icq
2149,replica
2150,scientif
2151,sheet
2152,rise
2153,chart
2154,frequent
2155,regardless
2156,mountain
2157,hash
2158,column
2159,hint
2160,yield
2161,jar
2162,embed
2163,ben
2164,throughout
2165,song
2166,heavi
2167,bu
2168,bless
2169,joseph
2170,victim
2171,na
2172,brother
2173,visitor
2174,formal
2175,po
2176,branch
2177,consequ
2178,amateur
2179,freebsd
2180,aim
2181,chip
2182,incompat
2183,mess
2184,trace
2185,ed
2186,classic
2187,drink
2188,labor
2189,decemb
2190,dog
2191,town
2192,pro
2193,logic
2194,limbo
2195,pure
2196,bay
2197,remind
2198,exceed
2199,adapt
2200,violenc
2201,exhibit
2202,il
2203,pars
2204,spirit
2205,que
2206,est
2207,coast
2208,medium
2209,privileg
2210,smoker
2211,gambl
2212,ladi
2213,crap
2214,satisfact
2215,spamtrap
2216,joke
2217,assign
2218,export
2219,worker
2220,negoti
2221,syntax
2222,focus
2223,prize
2224,topic
2225,felt
2226,imho
2227,opposit
2228,fan
2229,tremend
2230,incorpor
2231,cheaper
2232,lib
2233,vice
2234,circumst
2235,pursu
2236,stamp
2237,byte
2238,complic
2239,pa
2240,specialist
2241,appoint
2242,battl
2243,batch
2244,stage
2245,alan
2246,compress
2247,chairman
2248,florida
2249,caught
2250,jodi
2251,gather
2252,boundari
2253,riaa
2254,unwant
2255,strengthen
2256,moder
2257,liberti
2258,unknown
2259,sophist
2260,keyword
2261,struggl
2262,compel
2263,truck
2264,entitl
2265,border
2266,kit
2267,airlin
2268,sur
2269,okay
2270,loos
2271,trivial
2272,lover
2273,older
2274,goto
2275,intel
2276,affair
2277,dublin
2278,ui
2279,admit
2280,bet
2281,owe
2282,pioneer
2283,hole
2284,trend
2285,penni
2286,wear
2287,ownership
2288,ved
2289,sector
2290,belief
2291,britain
2292,ideal
2293,disclosur
2294,transmiss
2295,ahead
2296,album
2297,muslim
2298,australia
2299,mastercard
2300,airport
2301,surfac
2302,timeout
2303,lay
2304,suffici
2305,jack
2306,wa
2307,outlook
2308,stress
2309,adjust
2310,weak
2311,weather
2312,reform
2313,tin
2314,msn
2315,majesti
2316,maximum
2317,scott
2318,dice
2319,maker
2320,encod
2321,overal
2322,assumpt
2323,raw
2324,marri
2325,relay
2326,stephen
2327,mplayer
2328,refus
2329,dump
2330,pickl
2331,palestinian
2332,ice
2333,debug
2334,portabl
2335,hawaii
2336,captur
2337,schuman
2338,finger
2339,wealthi
2340,hide
2341,propag
2342,curv
2343,transpar
2344,ne
2345,egg
2346,influenc
2347,magic
2348,sentenc
2349,chain
2350,admin
2351,endeavor
2352,crack
2353,frustrat
2354,patrick
2355,lilo
2356,explan
2357,depress
2358,proceed
2359,astronom
2360,silli
2361,holiday
2362,ce
2363,dinosaur
2364,whatsoev
2365,mandat
2366,retain
2367,heck
2368,bone
2369,submiss
2370,spring
2371,shout
2372,ou
2373,weird
2374,vision
2375,catalog
2376,trademark
2377,session
2378,casino
2379,ethic
2380,minist
2381,inexpens
2382,scratch
2383,hospit
2384,spambay
2385,rah
2386,rapidli
2387,ar
2388,unusu
2389,corner
2390,besid
2391,circl
2392,virginia
2393,buri
2394,randomli
2395,bomb
2396,latter
2397,settl
2398,fli
2399,gpg
2400,belong
2401,speaker
2402,hacker
2403,mysql
2404,intellectu
2405,ram
2406,movement
2407,tower
2408,api
2409,outstand
2410,francisco
2411,intent
2412,recognit
2413,preced
2414,ton
2415,snore
2416,fuel
2417,ir
2418,abandon
2419,openssl
2420,organis
2421,jeremi
2422,xxx
2423,formul
2424,greatest
2425,iroijlaplap
2426,prob
2427,pentium
2428,ez
2429,celebr
2430,necessarili
2431,tivo
2432,joint
2433,thirti
2434,eb
2435,plane
2436,constant
2437,scholarship
2438,lean
2439,germani
2440,expos
2441,theme
2442,du
2443,igtt
2444,twenti
2445,recov
2446,maxim
2447,season
2448,wild
2449,richard
2450,armi
2451,marriag
2452,forum
2453,jurisdict
2454,fp
2455,es
2456,openssh
2457,element
2458,harvest
2459,tweak
2460,une
2461,framework
2462,greet
2463,japan
2464,relax
2465,draft
2466,german
2467,dr
2468,conclus
2469,bsd
2470,arg
2471,everywher
2472,asian
2473,raid
2474,scope
2475,council
2476,boom
2477,commerc
2478,anthoni
2479,scenario
2480,leas
2481,magnitud
2482,decreas
2483,hook
2484,contest
2485,trader
2486,ratak
2487,mutual
2488,rm
2489,quarter
2490,pleasur
2491,zone
2492,bullet
2493,tobacco
2494,maxaman
2495,crazi
2496,burner
2497,flight
2498,milter
2499,till
